sample.id,value,epitope.id,paper.name
PICI0002_A05_K01621KE01_SPB_A03,0.046736219,TBX21,CCR7+ CD11b+ CD27- B cells
PICI0002_A05_K01621KE01_SPB_A03,0.16028274,ITAX,CCR7+ CD11b+ CD27- B cells
PICI0002_A05_K01621KE01_SPB_A03,0.21170982,PDCD1,CCR7+ CD11b+ CD27- B cells
PICI0002_A05_K01621KE01_SPB_A03,0.004405037,KI67,CCR7+ CD11b+ CD27- B cells
PICI0002_A05_K01621KE01_SPB_A03,7.214578855,DRA,CCR7+ CD11b+ CD27- B cells
PICI0002_A05_K01621KE01_SPB_A03,1.378363619,CD38,CCR7+ CD11b+ CD27- B cells
PICI0002_A05_K01621KE01_SPB_A03,0.212602398,CTLA4,CCR7+ CD11b+ CD27- B cells
PICI0002_A05_K01621KE01_SPB_A03,0,HAVR2,CCR7+ CD11b+ CD27- B cells
PICI0002_A05_K01621KE01_SPB_A03,15.81735981,TNR5,CCR7+ CD11b+ CD27- B cells
BK00944EB01,11.24320063,TNR5,CCR7+ CD11b+ CD27- B cells
BK00944EB01,0.504528654,ITAX,CCR7+ CD11b+ CD27- B cells
BK00944EB01,1.504758904,CD38,CCR7+ CD11b+ CD27- B cells
BK00944EB01,2.834676707,DRA,CCR7+ CD11b+ CD27- B cells
BK00944EB01,0,HAVR2,CCR7+ CD11b+ CD27- B cells
BK00944EB01,0.024737961,KI67,CCR7+ CD11b+ CD27- B cells
BK00944EB01,0.122645421,CTLA4,CCR7+ CD11b+ CD27- B cells
BK00944EB01,0.028458093,TBX21,CCR7+ CD11b+ CD27- B cells
BK00944EB01,1.134917867,PDCD1,CCR7+ CD11b+ CD27- B cells
BK00105EB01,0.254385912,CTLA4,CCR7+ CD11b+ CD27- B cells
BK00105EB01,1.651594028,PDCD1,CCR7+ CD11b+ CD27- B cells
BK00105EB01,0,HAVR2,CCR7+ CD11b+ CD27- B cells
BK00105EB01,0.042308735,KI67,CCR7+ CD11b+ CD27- B cells
BK00105EB01,0.388997869,ITAX,CCR7+ CD11b+ CD27- B cells
BK00105EB01,2.083406047,DRA,CCR7+ CD11b+ CD27- B cells
BK00105EB01,0.13115035,TBX21,CCR7+ CD11b+ CD27- B cells
BK00105EB01,0.877071884,CD38,CCR7+ CD11b+ CD27- B cells
BK00105EB01,10.92103341,TNR5,CCR7+ CD11b+ CD27- B cells
BK00954EB02,0.08417714,TBX21,CCR7+ CD11b+ CD27- B cells
BK00954EB02,0.055836511,KI67,CCR7+ CD11b+ CD27- B cells
BK00954EB02,0.286348513,CTLA4,CCR7+ CD11b+ CD27- B cells
BK00954EB02,1.13898227,ITAX,CCR7+ CD11b+ CD27- B cells
BK00954EB02,1.345800499,PDCD1,CCR7+ CD11b+ CD27- B cells
BK00954EB02,3.722492501,DRA,CCR7+ CD11b+ CD27- B cells
BK00954EB02,0.918732982,CD38,CCR7+ CD11b+ CD27- B cells
BK00954EB02,0,HAVR2,CCR7+ CD11b+ CD27- B cells
BK00954EB02,15.74930182,TNR5,CCR7+ CD11b+ CD27- B cells
BK01093EB01,0.025248311,KI67,CCR7+ CD11b+ CD27- B cells
BK01093EB01,0,HAVR2,CCR7+ CD11b+ CD27- B cells
BK01093EB01,0.567798474,PDCD1,CCR7+ CD11b+ CD27- B cells
BK01093EB01,0.025574336,TBX21,CCR7+ CD11b+ CD27- B cells
BK01093EB01,0.719875198,ITAX,CCR7+ CD11b+ CD27- B cells
BK01093EB01,0.25082077,CTLA4,CCR7+ CD11b+ CD27- B cells
BK01093EB01,15.37848888,TNR5,CCR7+ CD11b+ CD27- B cells
BK01093EB01,3.542760252,DRA,CCR7+ CD11b+ CD27- B cells
BK01093EB01,0.51376427,CD38,CCR7+ CD11b+ CD27- B cells
BK00149EB01,3.985517324,DRA,CCR7+ CD11b+ CD27- B cells
BK00149EB01,9.942876994,TNR5,CCR7+ CD11b+ CD27- B cells
BK00149EB01,0,HAVR2,CCR7+ CD11b+ CD27- B cells
BK00149EB01,0.332185244,PDCD1,CCR7+ CD11b+ CD27- B cells
BK00149EB01,0.846936723,ITAX,CCR7+ CD11b+ CD27- B cells
BK00149EB01,0.429493418,CD38,CCR7+ CD11b+ CD27- B cells
BK00149EB01,0.02236506,KI67,CCR7+ CD11b+ CD27- B cells
BK00149EB01,0.058015594,TBX21,CCR7+ CD11b+ CD27- B cells
BK00149EB01,0.202586416,CTLA4,CCR7+ CD11b+ CD27- B cells
BK02078EB01,4.537484603,DRA,CCR7+ CD11b+ CD27- B cells
BK02078EB01,1.05671703,CD38,CCR7+ CD11b+ CD27- B cells
BK02078EB01,0.016509249,TBX21,CCR7+ CD11b+ CD27- B cells
BK02078EB01,0.638600858,ITAX,CCR7+ CD11b+ CD27- B cells
BK02078EB01,9.934502338,TNR5,CCR7+ CD11b+ CD27- B cells
BK02078EB01,0,HAVR2,CCR7+ CD11b+ CD27- B cells
BK02078EB01,0.148211542,CTLA4,CCR7+ CD11b+ CD27- B cells
BK02078EB01,0.503535953,PDCD1,CCR7+ CD11b+ CD27- B cells
BK02078EB01,0.018911284,KI67,CCR7+ CD11b+ CD27- B cells
BK01108EB01,0.462200529,CD38,CCR7+ CD11b+ CD27- B cells
BK01108EB01,0.27380516,CTLA4,CCR7+ CD11b+ CD27- B cells
BK01108EB01,0.041452685,TBX21,CCR7+ CD11b+ CD27- B cells
BK01108EB01,0,HAVR2,CCR7+ CD11b+ CD27- B cells
BK01108EB01,0.032682249,KI67,CCR7+ CD11b+ CD27- B cells
BK01108EB01,0.605213203,PDCD1,CCR7+ CD11b+ CD27- B cells
BK01108EB01,13.59954919,TNR5,CCR7+ CD11b+ CD27- B cells
BK01108EB01,0.479030156,ITAX,CCR7+ CD11b+ CD27- B cells
BK01108EB01,1.874875071,DRA,CCR7+ CD11b+ CD27- B cells
BK02082EB02,0.624236008,HAVR2,CCR7+ CD11b+ CD27- B cells
BK02082EB02,0.246504891,PDCD1,CCR7+ CD11b+ CD27- B cells
BK02082EB02,0.84786968,CD38,CCR7+ CD11b+ CD27- B cells
BK02082EB02,2.215622411,DRA,CCR7+ CD11b+ CD27- B cells
BK02082EB02,0.052312763,KI67,CCR7+ CD11b+ CD27- B cells
BK02082EB02,0.884627899,CTLA4,CCR7+ CD11b+ CD27- B cells
BK02082EB02,0.7868498,ITAX,CCR7+ CD11b+ CD27- B cells
BK02082EB02,14.87678999,TNR5,CCR7+ CD11b+ CD27- B cells
BK02082EB02,0.075396561,TBX21,CCR7+ CD11b+ CD27- B cells
BK02081EB02,6.152528382,TBX21,CCR7+ CD11b+ CD27- B cells
BK02081EB02,2.534194096,DRA,CCR7+ CD11b+ CD27- B cells
BK02081EB02,0.448429861,CTLA4,CCR7+ CD11b+ CD27- B cells
BK02081EB02,2.344390263,ITAX,CCR7+ CD11b+ CD27- B cells
BK02081EB02,0.212438841,HAVR2,CCR7+ CD11b+ CD27- B cells
BK02081EB02,0.078381897,KI67,CCR7+ CD11b+ CD27- B cells
BK02081EB02,16.58838601,TNR5,CCR7+ CD11b+ CD27- B cells
BK02081EB02,0.164811873,PDCD1,CCR7+ CD11b+ CD27- B cells
BK02081EB02,3.011504558,CD38,CCR7+ CD11b+ CD27- B cells
BK04380EB02,0.65426893,CD38,CCR7+ CD11b+ CD27- B cells
BK04380EB02,4.327626831,DRA,CCR7+ CD11b+ CD27- B cells
BK04380EB02,0.478987112,ITAX,CCR7+ CD11b+ CD27- B cells
BK04380EB02,0.192963195,TBX21,CCR7+ CD11b+ CD27- B cells
BK04380EB02,9.179644627,TNR5,CCR7+ CD11b+ CD27- B cells
BK04380EB02,0.262831178,CTLA4,CCR7+ CD11b+ CD27- B cells
BK04380EB02,0,HAVR2,CCR7+ CD11b+ CD27- B cells
BK04380EB02,0.171403848,PDCD1,CCR7+ CD11b+ CD27- B cells
BK04380EB02,0.080483907,KI67,CCR7+ CD11b+ CD27- B cells
K06486EB02,0,HAVR2,CCR7+ CD11b+ CD27- B cells
K06486EB02,0.414425431,CTLA4,CCR7+ CD11b+ CD27- B cells
K06486EB02,0.511047196,PDCD1,CCR7+ CD11b+ CD27- B cells
K06486EB02,3.332287986,DRA,CCR7+ CD11b+ CD27- B cells
K06486EB02,1.302888307,CD38,CCR7+ CD11b+ CD27- B cells
K06486EB02,0.182312021,TBX21,CCR7+ CD11b+ CD27- B cells
K06486EB02,0.086091414,KI67,CCR7+ CD11b+ CD27- B cells
K06486EB02,17.5591913,TNR5,CCR7+ CD11b+ CD27- B cells
K06486EB02,0.65617031,ITAX,CCR7+ CD11b+ CD27- B cells
PICI0002_A05_K01378KE01_SPB_A03,1.181295289,CD38,CCR7+ CD11b+ CD27- B cells
PICI0002_A05_K01378KE01_SPB_A03,0.602683863,ITAX,CCR7+ CD11b+ CD27- B cells
PICI0002_A05_K01378KE01_SPB_A03,0.181145206,PDCD1,CCR7+ CD11b+ CD27- B cells
PICI0002_A05_K01378KE01_SPB_A03,0.094243911,TBX21,CCR7+ CD11b+ CD27- B cells
PICI0002_A05_K01378KE01_SPB_A03,9.216532251,TNR5,CCR7+ CD11b+ CD27- B cells
PICI0002_A05_K01378KE01_SPB_A03,0,HAVR2,CCR7+ CD11b+ CD27- B cells
PICI0002_A05_K01378KE01_SPB_A03,0.058264744,KI67,CCR7+ CD11b+ CD27- B cells
PICI0002_A05_K01378KE01_SPB_A03,4.445846722,DRA,CCR7+ CD11b+ CD27- B cells
PICI0002_A05_K01378KE01_SPB_A03,0.375706423,CTLA4,CCR7+ CD11b+ CD27- B cells
BK00258EB01,0.020261895,KI67,CCR7+ CD11b+ CD27- B cells
BK00258EB01,8.328000265,TNR5,CCR7+ CD11b+ CD27- B cells
BK00258EB01,3.393612193,TBX21,CCR7+ CD11b+ CD27- B cells
BK00258EB01,0.174491994,ITAX,CCR7+ CD11b+ CD27- B cells
BK00258EB01,0.681901744,CD38,CCR7+ CD11b+ CD27- B cells
BK00258EB01,0,HAVR2,CCR7+ CD11b+ CD27- B cells
BK00258EB01,2.060923764,DRA,CCR7+ CD11b+ CD27- B cells
BK00258EB01,0.415947174,CTLA4,CCR7+ CD11b+ CD27- B cells
BK00258EB01,0.03541051,PDCD1,CCR7+ CD11b+ CD27- B cells
BK00957EB01,0.908525704,ITAX,CCR7+ CD11b+ CD27- B cells
BK00957EB01,0.030403618,TBX21,CCR7+ CD11b+ CD27- B cells
BK00957EB01,5.088908612,TNR5,CCR7+ CD11b+ CD27- B cells
BK00957EB01,0.278870203,CTLA4,CCR7+ CD11b+ CD27- B cells
BK00957EB01,0.29479752,CD38,CCR7+ CD11b+ CD27- B cells
BK00957EB01,0.836285908,DRA,CCR7+ CD11b+ CD27- B cells
BK00957EB01,0,HAVR2,CCR7+ CD11b+ CD27- B cells
BK00957EB01,0.423560256,PDCD1,CCR7+ CD11b+ CD27- B cells
BK00957EB01,0.026233299,KI67,CCR7+ CD11b+ CD27- B cells
BK00094EB01,1.339335444,CD38,CCR7+ CD11b+ CD27- B cells
BK00094EB01,1.686550569,ITAX,CCR7+ CD11b+ CD27- B cells
BK00094EB01,0.14819942,PDCD1,CCR7+ CD11b+ CD27- B cells
BK00094EB01,0.106169224,TBX21,CCR7+ CD11b+ CD27- B cells
BK00094EB01,3.941691472,DRA,CCR7+ CD11b+ CD27- B cells
BK00094EB01,0.047989177,KI67,CCR7+ CD11b+ CD27- B cells
BK00094EB01,10.94726277,TNR5,CCR7+ CD11b+ CD27- B cells
BK00094EB01,0.002583423,HAVR2,CCR7+ CD11b+ CD27- B cells
BK00094EB01,0.286708951,CTLA4,CCR7+ CD11b+ CD27- B cells
BK00942EB01,5.052382934,DRA,CCR7+ CD11b+ CD27- B cells
BK00942EB01,0.061918082,TBX21,CCR7+ CD11b+ CD27- B cells
BK00942EB01,0.09533012,HAVR2,CCR7+ CD11b+ CD27- B cells
BK00942EB01,0.036230593,KI67,CCR7+ CD11b+ CD27- B cells
BK00942EB01,11.14624173,TNR5,CCR7+ CD11b+ CD27- B cells
BK00942EB01,0.254610472,CTLA4,CCR7+ CD11b+ CD27- B cells
BK00942EB01,1.237405806,CD38,CCR7+ CD11b+ CD27- B cells
BK00942EB01,0.967646619,ITAX,CCR7+ CD11b+ CD27- B cells
BK00942EB01,0.250755139,PDCD1,CCR7+ CD11b+ CD27- B cells
BK01092EB01,12.75825635,TNR5,CCR7+ CD11b+ CD27- B cells
BK01092EB01,0.788271121,PDCD1,CCR7+ CD11b+ CD27- B cells
BK01092EB01,2.420989765,DRA,CCR7+ CD11b+ CD27- B cells
BK01092EB01,0.543872487,ITAX,CCR7+ CD11b+ CD27- B cells
BK01092EB01,0.087481061,TBX21,CCR7+ CD11b+ CD27- B cells
BK01092EB01,0.153881254,HAVR2,CCR7+ CD11b+ CD27- B cells
BK01092EB01,0.040119865,KI67,CCR7+ CD11b+ CD27- B cells
BK01092EB01,0.998673887,CD38,CCR7+ CD11b+ CD27- B cells
BK01092EB01,0.498860605,CTLA4,CCR7+ CD11b+ CD27- B cells
BK01105EB01,11.28483173,TNR5,CCR7+ CD11b+ CD27- B cells
BK01105EB01,0,HAVR2,CCR7+ CD11b+ CD27- B cells
BK01105EB01,0.654335305,ITAX,CCR7+ CD11b+ CD27- B cells
BK01105EB01,0.145852368,CTLA4,CCR7+ CD11b+ CD27- B cells
BK01105EB01,0.017004022,KI67,CCR7+ CD11b+ CD27- B cells
BK01105EB01,0.410517407,PDCD1,CCR7+ CD11b+ CD27- B cells
BK01105EB01,1.019502893,CD38,CCR7+ CD11b+ CD27- B cells
BK01105EB01,5.08964146,DRA,CCR7+ CD11b+ CD27- B cells
BK01105EB01,0.014790798,TBX21,CCR7+ CD11b+ CD27- B cells
BK01104EB01,0.507092006,ITAX,CCR7+ CD11b+ CD27- B cells
BK01104EB01,0.020115609,TBX21,CCR7+ CD11b+ CD27- B cells
BK01104EB01,1.104390889,DRA,CCR7+ CD11b+ CD27- B cells
BK01104EB01,0.236553713,CTLA4,CCR7+ CD11b+ CD27- B cells
BK01104EB01,6.104733003,TNR5,CCR7+ CD11b+ CD27- B cells
BK01104EB01,0.506103306,CD38,CCR7+ CD11b+ CD27- B cells
BK01104EB01,0,HAVR2,CCR7+ CD11b+ CD27- B cells
BK01104EB01,0.159751107,PDCD1,CCR7+ CD11b+ CD27- B cells
BK01104EB01,0.016414154,KI67,CCR7+ CD11b+ CD27- B cells
BK01107EB02,11.53291993,TNR5,CCR7+ CD11b+ CD27- B cells
BK01107EB02,0.253447554,CTLA4,CCR7+ CD11b+ CD27- B cells
BK01107EB02,1.852201974,DRA,CCR7+ CD11b+ CD27- B cells
BK01107EB02,0,PDCD1,CCR7+ CD11b+ CD27- B cells
BK01107EB02,0.751096639,CD38,CCR7+ CD11b+ CD27- B cells
BK01107EB02,0,HAVR2,CCR7+ CD11b+ CD27- B cells
BK01107EB02,0.070368533,TBX21,CCR7+ CD11b+ CD27- B cells
BK01107EB02,0.073962425,KI67,CCR7+ CD11b+ CD27- B cells
BK01107EB02,0.664285143,ITAX,CCR7+ CD11b+ CD27- B cells
BK02094EB01,0.147347364,TBX21,CCR7+ CD11b+ CD27- B cells
BK02094EB01,0.454516249,CD38,CCR7+ CD11b+ CD27- B cells
BK02094EB01,0.015639768,KI67,CCR7+ CD11b+ CD27- B cells
BK02094EB01,3.309462508,DRA,CCR7+ CD11b+ CD27- B cells
BK02094EB01,0.31852031,ITAX,CCR7+ CD11b+ CD27- B cells
BK02094EB01,13.94964844,TNR5,CCR7+ CD11b+ CD27- B cells
BK02094EB01,0,HAVR2,CCR7+ CD11b+ CD27- B cells
BK02094EB01,0.346869837,PDCD1,CCR7+ CD11b+ CD27- B cells
BK02094EB01,0.435421453,CTLA4,CCR7+ CD11b+ CD27- B cells
BK00500EB02,0.113733724,TBX21,CCR7+ CD11b+ CD27- B cells
BK00500EB02,3.140410357,TNR5,CCR7+ CD11b+ CD27- B cells
BK00500EB02,0.782264222,CD38,CCR7+ CD11b+ CD27- B cells
BK00500EB02,2.862675502,KI67,CCR7+ CD11b+ CD27- B cells
BK00500EB02,0.86676039,DRA,CCR7+ CD11b+ CD27- B cells
BK00500EB02,1.530891699,HAVR2,CCR7+ CD11b+ CD27- B cells
BK00500EB02,1.003112557,CTLA4,CCR7+ CD11b+ CD27- B cells
BK00500EB02,0.191899212,PDCD1,CCR7+ CD11b+ CD27- B cells
BK00500EB02,5.204925238,ITAX,CCR7+ CD11b+ CD27- B cells
PICI0002_A05_K01635KE01_SPB_A02,0.826481792,PDCD1,CCR7+ CD11b+ CD27- B cells
PICI0002_A05_K01635KE01_SPB_A02,0.039844463,TBX21,CCR7+ CD11b+ CD27- B cells
PICI0002_A05_K01635KE01_SPB_A02,0.684198851,CD38,CCR7+ CD11b+ CD27- B cells
PICI0002_A05_K01635KE01_SPB_A02,0.117406075,ITAX,CCR7+ CD11b+ CD27- B cells
PICI0002_A05_K01635KE01_SPB_A02,4.701600292,CTLA4,CCR7+ CD11b+ CD27- B cells
PICI0002_A05_K01635KE01_SPB_A02,0.154621559,HAVR2,CCR7+ CD11b+ CD27- B cells
PICI0002_A05_K01635KE01_SPB_A02,22.99371461,TNR5,CCR7+ CD11b+ CD27- B cells
PICI0002_A05_K01635KE01_SPB_A02,0.007744851,KI67,CCR7+ CD11b+ CD27- B cells
PICI0002_A05_K01635KE01_SPB_A02,2.662830365,DRA,CCR7+ CD11b+ CD27- B cells
BK00280EB01,0.037968556,KI67,CCR7+ CD11b+ CD27- B cells
BK00280EB01,0.952400547,CD38,CCR7+ CD11b+ CD27- B cells
BK00280EB01,4.74071936,DRA,CCR7+ CD11b+ CD27- B cells
BK00280EB01,0.427814193,ITAX,CCR7+ CD11b+ CD27- B cells
BK00280EB01,12.15126126,TNR5,CCR7+ CD11b+ CD27- B cells
BK00280EB01,0.083416372,TBX21,CCR7+ CD11b+ CD27- B cells
BK00280EB01,0.357909327,PDCD1,CCR7+ CD11b+ CD27- B cells
BK00280EB01,0,HAVR2,CCR7+ CD11b+ CD27- B cells
BK00280EB01,0.661623868,CTLA4,CCR7+ CD11b+ CD27- B cells
BK00599EB01,0.010666333,CTLA4,CCR7+ CD11b+ CD27- B cells
BK00599EB01,0.263987778,PDCD1,CCR7+ CD11b+ CD27- B cells
BK00599EB01,0.011857747,TBX21,CCR7+ CD11b+ CD27- B cells
BK00599EB01,0.185012973,ITAX,CCR7+ CD11b+ CD27- B cells
BK00599EB01,0.264584974,CD38,CCR7+ CD11b+ CD27- B cells
BK00599EB01,0,HAVR2,CCR7+ CD11b+ CD27- B cells
BK00599EB01,0.001281014,KI67,CCR7+ CD11b+ CD27- B cells
BK00599EB01,2.39276977,DRA,CCR7+ CD11b+ CD27- B cells
BK00599EB01,2.686635534,TNR5,CCR7+ CD11b+ CD27- B cells
BK00949EB02,4.049770538,DRA,CCR7+ CD11b+ CD27- B cells
BK00949EB02,21.89075125,TNR5,CCR7+ CD11b+ CD27- B cells
BK00949EB02,1.973928334,CTLA4,CCR7+ CD11b+ CD27- B cells
BK00949EB02,0.112185403,TBX21,CCR7+ CD11b+ CD27- B cells
BK00949EB02,0.598860982,ITAX,CCR7+ CD11b+ CD27- B cells
BK00949EB02,0.538509783,PDCD1,CCR7+ CD11b+ CD27- B cells
BK00949EB02,0,HAVR2,CCR7+ CD11b+ CD27- B cells
BK00949EB02,0.012371993,KI67,CCR7+ CD11b+ CD27- B cells
BK00949EB02,1.240004161,CD38,CCR7+ CD11b+ CD27- B cells
BK00588EB01,8.880153432,TNR5,CCR7+ CD11b+ CD27- B cells
BK00588EB01,0,HAVR2,CCR7+ CD11b+ CD27- B cells
BK00588EB01,0.006755512,KI67,CCR7+ CD11b+ CD27- B cells
BK00588EB01,0.115251539,CTLA4,CCR7+ CD11b+ CD27- B cells
BK00588EB01,0.042983695,TBX21,CCR7+ CD11b+ CD27- B cells
BK00588EB01,0.439429132,PDCD1,CCR7+ CD11b+ CD27- B cells
BK00588EB01,0.476218022,CD38,CCR7+ CD11b+ CD27- B cells
BK00588EB01,1.452874916,DRA,CCR7+ CD11b+ CD27- B cells
BK00588EB01,0.505717176,ITAX,CCR7+ CD11b+ CD27- B cells
BK00940EB01,0.68331138,ITAX,CCR7+ CD11b+ CD27- B cells
BK00940EB01,1.526659971,DRA,CCR7+ CD11b+ CD27- B cells
BK00940EB01,0.092534269,CTLA4,CCR7+ CD11b+ CD27- B cells
BK00940EB01,0.02512934,KI67,CCR7+ CD11b+ CD27- B cells
BK00940EB01,0.062132732,TBX21,CCR7+ CD11b+ CD27- B cells
BK00940EB01,0.517698663,PDCD1,CCR7+ CD11b+ CD27- B cells
BK00940EB01,10.08176442,TNR5,CCR7+ CD11b+ CD27- B cells
BK00940EB01,0.640568064,CD38,CCR7+ CD11b+ CD27- B cells
BK00940EB01,0,HAVR2,CCR7+ CD11b+ CD27- B cells
BK02095EB02,1.944894564,DRA,CCR7+ CD11b+ CD27- B cells
BK02095EB02,0.785131222,HAVR2,CCR7+ CD11b+ CD27- B cells
BK02095EB02,1.1879148,TBX21,CCR7+ CD11b+ CD27- B cells
BK02095EB02,1.011696505,CD38,CCR7+ CD11b+ CD27- B cells
BK02095EB02,1.027640418,CTLA4,CCR7+ CD11b+ CD27- B cells
BK02095EB02,0.583357289,ITAX,CCR7+ CD11b+ CD27- B cells
BK02095EB02,0.017619062,KI67,CCR7+ CD11b+ CD27- B cells
BK02095EB02,0.159310453,PDCD1,CCR7+ CD11b+ CD27- B cells
BK02095EB02,15.23768306,TNR5,CCR7+ CD11b+ CD27- B cells
BK01089EB02,0.515991312,ITAX,CCR7+ CD11b+ CD27- B cells
BK01089EB02,4.701955436,DRA,CCR7+ CD11b+ CD27- B cells
BK01089EB02,0.144975275,TBX21,CCR7+ CD11b+ CD27- B cells
BK01089EB02,0.047010864,KI67,CCR7+ CD11b+ CD27- B cells
BK01089EB02,0.015153149,HAVR2,CCR7+ CD11b+ CD27- B cells
BK01089EB02,3.099614571,CTLA4,CCR7+ CD11b+ CD27- B cells
BK01089EB02,0.656617968,CD38,CCR7+ CD11b+ CD27- B cells
BK01089EB02,0.638688258,PDCD1,CCR7+ CD11b+ CD27- B cells
BK01089EB02,15.59754894,TNR5,CCR7+ CD11b+ CD27- B cells
BK02100EB02,0.594322717,CTLA4,CCR7+ CD11b+ CD27- B cells
BK02100EB02,1.121390247,ITAX,CCR7+ CD11b+ CD27- B cells
BK02100EB02,0.532338607,HAVR2,CCR7+ CD11b+ CD27- B cells
BK02100EB02,0.074853954,TBX21,CCR7+ CD11b+ CD27- B cells
BK02100EB02,0.05968506,KI67,CCR7+ CD11b+ CD27- B cells
BK02100EB02,7.857683971,TNR5,CCR7+ CD11b+ CD27- B cells
BK02100EB02,0.548052621,CD38,CCR7+ CD11b+ CD27- B cells
BK02100EB02,1.198487509,PDCD1,CCR7+ CD11b+ CD27- B cells
BK02100EB02,1.703248533,DRA,CCR7+ CD11b+ CD27- B cells
BK02075EB02,8.772440964,TNR5,CCR7+ CD11b+ CD27- B cells
BK02075EB02,0.193633479,PDCD1,CCR7+ CD11b+ CD27- B cells
BK02075EB02,3.714635175,ITAX,CCR7+ CD11b+ CD27- B cells
BK02075EB02,1.055666816,HAVR2,CCR7+ CD11b+ CD27- B cells
BK02075EB02,0.915547861,CD38,CCR7+ CD11b+ CD27- B cells
BK02075EB02,0.873431171,CTLA4,CCR7+ CD11b+ CD27- B cells
BK02075EB02,2.113388114,DRA,CCR7+ CD11b+ CD27- B cells
BK02075EB02,0.215820552,TBX21,CCR7+ CD11b+ CD27- B cells
BK02075EB02,0.167007807,KI67,CCR7+ CD11b+ CD27- B cells
BK00952EB01,0.103505061,CTLA4,CCR7+ CD11b+ CD27- B cells
BK00952EB01,3.03570256,DRA,CCR7+ CD11b+ CD27- B cells
BK00952EB01,8.334979247,TNR5,CCR7+ CD11b+ CD27- B cells
BK00952EB01,0.680423773,CD38,CCR7+ CD11b+ CD27- B cells
BK00952EB01,0.545397404,ITAX,CCR7+ CD11b+ CD27- B cells
BK00952EB01,0,HAVR2,CCR7+ CD11b+ CD27- B cells
BK00952EB01,0.031201645,TBX21,CCR7+ CD11b+ CD27- B cells
BK00952EB01,0.370514389,PDCD1,CCR7+ CD11b+ CD27- B cells
BK00952EB01,0.008350401,KI67,CCR7+ CD11b+ CD27- B cells
BK01097EB01,0.341869642,CTLA4,CCR7+ CD11b+ CD27- B cells
BK01097EB01,0.027187134,KI67,CCR7+ CD11b+ CD27- B cells
BK01097EB01,0.246226173,PDCD1,CCR7+ CD11b+ CD27- B cells
BK01097EB01,0.614501022,CD38,CCR7+ CD11b+ CD27- B cells
BK01097EB01,0.012136003,TBX21,CCR7+ CD11b+ CD27- B cells
BK01097EB01,8.886856834,TNR5,CCR7+ CD11b+ CD27- B cells
BK01097EB01,0,HAVR2,CCR7+ CD11b+ CD27- B cells
BK01097EB01,6.902277346,DRA,CCR7+ CD11b+ CD27- B cells
BK01097EB01,0.269648307,ITAX,CCR7+ CD11b+ CD27- B cells
BK00533EB02,0.259700922,CTLA4,CCR7+ CD11b+ CD27- B cells
BK00533EB02,2.531218757,DRA,CCR7+ CD11b+ CD27- B cells
BK00533EB02,0.126470702,ITAX,CCR7+ CD11b+ CD27- B cells
BK00533EB02,0.405023239,CD38,CCR7+ CD11b+ CD27- B cells
BK00533EB02,8.025858754,TNR5,CCR7+ CD11b+ CD27- B cells
BK00533EB02,0.388308215,PDCD1,CCR7+ CD11b+ CD27- B cells
BK00533EB02,0,HAVR2,CCR7+ CD11b+ CD27- B cells
BK00533EB02,0.006527418,TBX21,CCR7+ CD11b+ CD27- B cells
BK00533EB02,0,KI67,CCR7+ CD11b+ CD27- B cells
BK01103EB02,0.019971361,TBX21,CCR7+ CD11b+ CD27- B cells
BK01103EB02,0.436635315,HAVR2,CCR7+ CD11b+ CD27- B cells
BK01103EB02,2.365823317,DRA,CCR7+ CD11b+ CD27- B cells
BK01103EB02,0.221205613,PDCD1,CCR7+ CD11b+ CD27- B cells
BK01103EB02,11.33623193,TNR5,CCR7+ CD11b+ CD27- B cells
BK01103EB02,0.024471954,KI67,CCR7+ CD11b+ CD27- B cells
BK01103EB02,0.487196473,ITAX,CCR7+ CD11b+ CD27- B cells
BK01103EB02,0.121433238,CTLA4,CCR7+ CD11b+ CD27- B cells
BK01103EB02,0.464123414,CD38,CCR7+ CD11b+ CD27- B cells
PICI0002_A05_K00035KE01_SPB_A03,0.007174497,KI67,CCR7+ CD11b+ CD27- B cells
PICI0002_A05_K00035KE01_SPB_A03,4.253083002,TNR5,CCR7+ CD11b+ CD27- B cells
PICI0002_A05_K00035KE01_SPB_A03,0.381532974,PDCD1,CCR7+ CD11b+ CD27- B cells
PICI0002_A05_K00035KE01_SPB_A03,0.258244344,CD38,CCR7+ CD11b+ CD27- B cells
PICI0002_A05_K00035KE01_SPB_A03,0,HAVR2,CCR7+ CD11b+ CD27- B cells
PICI0002_A05_K00035KE01_SPB_A03,0.354134888,ITAX,CCR7+ CD11b+ CD27- B cells
PICI0002_A05_K00035KE01_SPB_A03,0.016326543,TBX21,CCR7+ CD11b+ CD27- B cells
PICI0002_A05_K00035KE01_SPB_A03,0.048822615,CTLA4,CCR7+ CD11b+ CD27- B cells
PICI0002_A05_K00035KE01_SPB_A03,1.975588444,DRA,CCR7+ CD11b+ CD27- B cells
BK00033EB01,8.469072112,TNR5,CCR7+ CD11b+ CD27- B cells
BK00033EB01,0.008204567,TBX21,CCR7+ CD11b+ CD27- B cells
BK00033EB01,0.274703474,CTLA4,CCR7+ CD11b+ CD27- B cells
BK00033EB01,0,HAVR2,CCR7+ CD11b+ CD27- B cells
BK00033EB01,0.817488104,DRA,CCR7+ CD11b+ CD27- B cells
BK00033EB01,0.124330076,CD38,CCR7+ CD11b+ CD27- B cells
BK00033EB01,0.030479468,PDCD1,CCR7+ CD11b+ CD27- B cells
BK00033EB01,0.205758792,ITAX,CCR7+ CD11b+ CD27- B cells
BK00033EB01,0.006838294,KI67,CCR7+ CD11b+ CD27- B cells
BK00072EB02,2.084618066,DRA,CCR7+ CD11b+ CD27- B cells
BK00072EB02,0.126897201,CTLA4,CCR7+ CD11b+ CD27- B cells
BK00072EB02,0.362542978,CD38,CCR7+ CD11b+ CD27- B cells
BK00072EB02,0.030021459,TBX21,CCR7+ CD11b+ CD27- B cells
BK00072EB02,0.082135945,HAVR2,CCR7+ CD11b+ CD27- B cells
BK00072EB02,0.036567737,KI67,CCR7+ CD11b+ CD27- B cells
BK00072EB02,0.539212528,PDCD1,CCR7+ CD11b+ CD27- B cells
BK00072EB02,0.659723759,ITAX,CCR7+ CD11b+ CD27- B cells
BK00072EB02,7.340237975,TNR5,CCR7+ CD11b+ CD27- B cells
BK00052EB02,2.095648369,DRA,CCR7+ CD11b+ CD27- B cells
BK00052EB02,1.295274093,PDCD1,CCR7+ CD11b+ CD27- B cells
BK00052EB02,0.364568527,CTLA4,CCR7+ CD11b+ CD27- B cells
BK00052EB02,0,KI67,CCR7+ CD11b+ CD27- B cells
BK00052EB02,2.103386555,ITAX,CCR7+ CD11b+ CD27- B cells
BK00052EB02,0.618631688,CD38,CCR7+ CD11b+ CD27- B cells
BK00052EB02,12.16643654,TNR5,CCR7+ CD11b+ CD27- B cells
BK00052EB02,0,HAVR2,CCR7+ CD11b+ CD27- B cells
BK00052EB02,0.063881788,TBX21,CCR7+ CD11b+ CD27- B cells
BK00083EB01,0.030576343,KI67,CCR7+ CD11b+ CD27- B cells
BK00083EB01,0.751627252,ITAX,CCR7+ CD11b+ CD27- B cells
BK00083EB01,0.200445428,CTLA4,CCR7+ CD11b+ CD27- B cells
BK00083EB01,0.443381337,PDCD1,CCR7+ CD11b+ CD27- B cells
BK00083EB01,0.578818507,CD38,CCR7+ CD11b+ CD27- B cells
BK00083EB01,0.097554671,TBX21,CCR7+ CD11b+ CD27- B cells
BK00083EB01,0,HAVR2,CCR7+ CD11b+ CD27- B cells
BK00083EB01,7.459683538,TNR5,CCR7+ CD11b+ CD27- B cells
BK00083EB01,2.790322308,DRA,CCR7+ CD11b+ CD27- B cells
BK00950EB02,0.202843954,TBX21,CCR7+ CD11b+ CD27- B cells
BK00950EB02,0.393365708,ITAX,CCR7+ CD11b+ CD27- B cells
BK00950EB02,0.836330928,CTLA4,CCR7+ CD11b+ CD27- B cells
BK00950EB02,0.08537563,PDCD1,CCR7+ CD11b+ CD27- B cells
BK00950EB02,0.029058519,KI67,CCR7+ CD11b+ CD27- B cells
BK00950EB02,0.341488422,CD38,CCR7+ CD11b+ CD27- B cells
BK00950EB02,14.36823037,TNR5,CCR7+ CD11b+ CD27- B cells
BK00950EB02,2.208376127,DRA,CCR7+ CD11b+ CD27- B cells
BK00950EB02,0,HAVR2,CCR7+ CD11b+ CD27- B cells
BK02066EB02,0.30735066,TBX21,CCR7+ CD11b+ CD27- B cells
BK02066EB02,0.293487148,CTLA4,CCR7+ CD11b+ CD27- B cells
BK02066EB02,2.840200838,DRA,CCR7+ CD11b+ CD27- B cells
BK02066EB02,1.153940782,CD38,CCR7+ CD11b+ CD27- B cells
BK02066EB02,1.46494748,ITAX,CCR7+ CD11b+ CD27- B cells
BK02066EB02,0.298372838,PDCD1,CCR7+ CD11b+ CD27- B cells
BK02066EB02,0.579721226,HAVR2,CCR7+ CD11b+ CD27- B cells
BK02066EB02,23.09440717,TNR5,CCR7+ CD11b+ CD27- B cells
BK02066EB02,0.037582695,KI67,CCR7+ CD11b+ CD27- B cells
BK01099EB02,0.052233958,TBX21,CCR7+ CD11b+ CD27- B cells
BK01099EB02,0,HAVR2,CCR7+ CD11b+ CD27- B cells
BK01099EB02,0.816326099,CD38,CCR7+ CD11b+ CD27- B cells
BK01099EB02,12.24007797,TNR5,CCR7+ CD11b+ CD27- B cells
BK01099EB02,1.485887689,DRA,CCR7+ CD11b+ CD27- B cells
BK01099EB02,0.280594502,CTLA4,CCR7+ CD11b+ CD27- B cells
BK01099EB02,0.022546251,KI67,CCR7+ CD11b+ CD27- B cells
BK01099EB02,0.188365226,PDCD1,CCR7+ CD11b+ CD27- B cells
BK01099EB02,0.739000112,ITAX,CCR7+ CD11b+ CD27- B cells
BK04386EB01,0.54703861,ITAX,CCR7+ CD11b+ CD27- B cells
BK04386EB01,1.432622381,DRA,CCR7+ CD11b+ CD27- B cells
BK04386EB01,4.05447699,TNR5,CCR7+ CD11b+ CD27- B cells
BK04386EB01,0.047697844,TBX21,CCR7+ CD11b+ CD27- B cells
BK04386EB01,0.009927854,KI67,CCR7+ CD11b+ CD27- B cells
BK04386EB01,0,HAVR2,CCR7+ CD11b+ CD27- B cells
BK04386EB01,0.248830936,CD38,CCR7+ CD11b+ CD27- B cells
BK04386EB01,0.270036516,PDCD1,CCR7+ CD11b+ CD27- B cells
BK04386EB01,0.261227303,CTLA4,CCR7+ CD11b+ CD27- B cells
BK01101EB01,11.89742255,TNR5,CCR7+ CD11b+ CD27- B cells
BK01101EB01,0.024880181,KI67,CCR7+ CD11b+ CD27- B cells
BK01101EB01,0.174497393,TBX21,CCR7+ CD11b+ CD27- B cells
BK01101EB01,0.509628407,CD38,CCR7+ CD11b+ CD27- B cells
BK01101EB01,0.539330623,CTLA4,CCR7+ CD11b+ CD27- B cells
BK01101EB01,0.128125023,PDCD1,CCR7+ CD11b+ CD27- B cells
BK01101EB01,0.351732323,ITAX,CCR7+ CD11b+ CD27- B cells
BK01101EB01,0,HAVR2,CCR7+ CD11b+ CD27- B cells
BK01101EB01,2.785808477,DRA,CCR7+ CD11b+ CD27- B cells
BK02072EB02,7.98995901,DRA,CCR7+ CD11b+ CD27- B cells
BK02072EB02,0,HAVR2,CCR7+ CD11b+ CD27- B cells
BK02072EB02,1.588810848,PDCD1,CCR7+ CD11b+ CD27- B cells
BK02072EB02,0,KI67,CCR7+ CD11b+ CD27- B cells
BK02072EB02,0.128769713,TBX21,CCR7+ CD11b+ CD27- B cells
BK02072EB02,0.112582509,ITAX,CCR7+ CD11b+ CD27- B cells
BK02072EB02,0.742963178,CD38,CCR7+ CD11b+ CD27- B cells
BK02072EB02,9.31411211,TNR5,CCR7+ CD11b+ CD27- B cells
BK02072EB02,0.435186734,CTLA4,CCR7+ CD11b+ CD27- B cells
BK02067EB02,0.157228184,TBX21,CCR7+ CD11b+ CD27- B cells
BK02067EB02,0.640586443,ITAX,CCR7+ CD11b+ CD27- B cells
BK02067EB02,1.103621775,CD38,CCR7+ CD11b+ CD27- B cells
BK02067EB02,0.288882961,PDCD1,CCR7+ CD11b+ CD27- B cells
BK02067EB02,0.379516878,CTLA4,CCR7+ CD11b+ CD27- B cells
BK02067EB02,19.14506565,TNR5,CCR7+ CD11b+ CD27- B cells
BK02067EB02,0,HAVR2,CCR7+ CD11b+ CD27- B cells
BK02067EB02,0.072870737,KI67,CCR7+ CD11b+ CD27- B cells
BK02067EB02,3.433528505,DRA,CCR7+ CD11b+ CD27- B cells
BK12381EB02,0.683387046,PDCD1,CCR7+ CD11b+ CD27- B cells
BK12381EB02,0.648329275,ITAX,CCR7+ CD11b+ CD27- B cells
BK12381EB02,1.51354644,CD38,CCR7+ CD11b+ CD27- B cells
BK12381EB02,0,HAVR2,CCR7+ CD11b+ CD27- B cells
BK12381EB02,14.76491599,TNR5,CCR7+ CD11b+ CD27- B cells
BK12381EB02,0.141793394,KI67,CCR7+ CD11b+ CD27- B cells
BK12381EB02,0.875603567,CTLA4,CCR7+ CD11b+ CD27- B cells
BK12381EB02,3.270486948,DRA,CCR7+ CD11b+ CD27- B cells
BK12381EB02,1.192575222,TBX21,CCR7+ CD11b+ CD27- B cells
BK00171EB01,0.29034051,PDCD1,CCR7+ CD11b+ CD27- B cells
BK00171EB01,0.504129741,ITAX,CCR7+ CD11b+ CD27- B cells
BK00171EB01,0.052382125,TBX21,CCR7+ CD11b+ CD27- B cells
BK00171EB01,0.011649599,KI67,CCR7+ CD11b+ CD27- B cells
BK00171EB01,2.785075739,DRA,CCR7+ CD11b+ CD27- B cells
BK00171EB01,0,HAVR2,CCR7+ CD11b+ CD27- B cells
BK00171EB01,8.93538976,TNR5,CCR7+ CD11b+ CD27- B cells
BK00171EB01,0.210665959,CD38,CCR7+ CD11b+ CD27- B cells
BK00171EB01,0.300984707,CTLA4,CCR7+ CD11b+ CD27- B cells
BK00182EB01,0.106836552,TBX21,CCR7+ CD11b+ CD27- B cells
BK00182EB01,5.556661002,TNR5,CCR7+ CD11b+ CD27- B cells
BK00182EB01,0,HAVR2,CCR7+ CD11b+ CD27- B cells
BK00182EB01,0.296575022,PDCD1,CCR7+ CD11b+ CD27- B cells
BK00182EB01,2.515251778,DRA,CCR7+ CD11b+ CD27- B cells
BK00182EB01,0.019908019,KI67,CCR7+ CD11b+ CD27- B cells
BK00182EB01,0.403186539,ITAX,CCR7+ CD11b+ CD27- B cells
BK00182EB01,0.068865969,CTLA4,CCR7+ CD11b+ CD27- B cells
BK00182EB01,0.412051402,CD38,CCR7+ CD11b+ CD27- B cells
BK00346EB05,0,HAVR2,CCR7+ CD11b+ CD27- B cells
BK00346EB05,0.764692813,ITAX,CCR7+ CD11b+ CD27- B cells
BK00346EB05,1.424520566,DRA,CCR7+ CD11b+ CD27- B cells
BK00346EB05,0.048272652,TBX21,CCR7+ CD11b+ CD27- B cells
BK00346EB05,0.147284425,CTLA4,CCR7+ CD11b+ CD27- B cells
BK00346EB05,0.027726471,KI67,CCR7+ CD11b+ CD27- B cells
BK00346EB05,4.687335302,TNR5,CCR7+ CD11b+ CD27- B cells
BK00346EB05,0.085512861,PDCD1,CCR7+ CD11b+ CD27- B cells
BK00346EB05,0.862992169,CD38,CCR7+ CD11b+ CD27- B cells
PICI0002_A05_BK00247P01_SPB_A01,2.140707258,DRA,CCR7+ CD11b+ CD27- B cells
PICI0002_A05_BK00247P01_SPB_A01,0.59220771,CD38,CCR7+ CD11b+ CD27- B cells
PICI0002_A05_BK00247P01_SPB_A01,0.063303283,TBX21,CCR7+ CD11b+ CD27- B cells
PICI0002_A05_BK00247P01_SPB_A01,12.67567324,TNR5,CCR7+ CD11b+ CD27- B cells
PICI0002_A05_BK00247P01_SPB_A01,0.544461146,CTLA4,CCR7+ CD11b+ CD27- B cells
PICI0002_A05_BK00247P01_SPB_A01,0,HAVR2,CCR7+ CD11b+ CD27- B cells
PICI0002_A05_BK00247P01_SPB_A01,1.144518298,ITAX,CCR7+ CD11b+ CD27- B cells
PICI0002_A05_BK00247P01_SPB_A01,0.056279328000000003,KI67,CCR7+ CD11b+ CD27- B cells
PICI0002_A05_BK00247P01_SPB_A01,0.69205597,PDCD1,CCR7+ CD11b+ CD27- B cells
BK02064EB02,0,HAVR2,CCR7+ CD11b+ CD27- B cells
BK02064EB02,0.347611319,CTLA4,CCR7+ CD11b+ CD27- B cells
BK02064EB02,0.565736162,CD38,CCR7+ CD11b+ CD27- B cells
BK02064EB02,0.621055889,ITAX,CCR7+ CD11b+ CD27- B cells
BK02064EB02,3.943730551,DRA,CCR7+ CD11b+ CD27- B cells
BK02064EB02,6.954570646,TNR5,CCR7+ CD11b+ CD27- B cells
BK02064EB02,0.075769692,PDCD1,CCR7+ CD11b+ CD27- B cells
BK02064EB02,0.084645137,TBX21,CCR7+ CD11b+ CD27- B cells
BK02064EB02,0.047722729,KI67,CCR7+ CD11b+ CD27- B cells
BK00368EB02,6.507094675,TBX21,CCR7+ CD11b+ CD27- B cells
BK00368EB02,1.528833321,HAVR2,CCR7+ CD11b+ CD27- B cells
BK00368EB02,20.36451912,TNR5,CCR7+ CD11b+ CD27- B cells
BK00368EB02,5.934601256,ITAX,CCR7+ CD11b+ CD27- B cells
BK00368EB02,0.859452365,CTLA4,CCR7+ CD11b+ CD27- B cells
BK00368EB02,3.308338702,DRA,CCR7+ CD11b+ CD27- B cells
BK00368EB02,0.367703059,PDCD1,CCR7+ CD11b+ CD27- B cells
BK00368EB02,0.06643662,KI67,CCR7+ CD11b+ CD27- B cells
BK00368EB02,4.194050348,CD38,CCR7+ CD11b+ CD27- B cells
BK02088EB02,0.051880114,HAVR2,CCR7+ CD11b+ CD27- B cells
BK02088EB02,0.257922151,ITAX,CCR7+ CD11b+ CD27- B cells
BK02088EB02,19.25354502,TNR5,CCR7+ CD11b+ CD27- B cells
BK02088EB02,0.392201497,CD38,CCR7+ CD11b+ CD27- B cells
BK02088EB02,0.476271159,CTLA4,CCR7+ CD11b+ CD27- B cells
BK02088EB02,0.548721135,PDCD1,CCR7+ CD11b+ CD27- B cells
BK02088EB02,0.002424518,KI67,CCR7+ CD11b+ CD27- B cells
BK02088EB02,2.477826597,DRA,CCR7+ CD11b+ CD27- B cells
BK02088EB02,0.096867764,TBX21,CCR7+ CD11b+ CD27- B cells
